0,<keras.engine.input_layer.InputLayer object at 0x7feb95e16a20>
1,<keras.layers.convolutional.ZeroPadding2D object at 0x7feb1f353e80>
2,<keras.layers.convolutional.Conv2D object at 0x7feb1f353630>
3,<keras.layers.normalization.BatchNormalization object at 0x7feb1f2e9400>
4,<keras.layers.core.Activation object at 0x7feb1f2e9dd8>
5,<keras.layers.convolutional.ZeroPadding2D object at 0x7feb1eac0320>
6,<keras.layers.pooling.MaxPooling2D object at 0x7feb1c052e10>
7,<keras.layers.normalization.BatchNormalization object at 0x7feb1f2e9748>
8,<keras.layers.core.Activation object at 0x7feb1c04aba8>
9,<keras.layers.convolutional.Conv2D object at 0x7feb08779d68>
10,<keras.layers.normalization.BatchNormalization object at 0x7feb087e5978>
11,<keras.layers.core.Activation object at 0x7feb08792940>
12,<keras.layers.convolutional.Conv2D object at 0x7feb086fb908>
13,<keras.layers.merge.Concatenate object at 0x7feb086ec4e0>
14,<keras.layers.normalization.BatchNormalization object at 0x7feb087317f0>
15,<keras.layers.core.Activation object at 0x7feb086c6710>
16,<keras.layers.convolutional.Conv2D object at 0x7feb0869a860>
17,<keras.layers.normalization.BatchNormalization object at 0x7feb1f483ef0>
18,<keras.layers.core.Activation object at 0x7feb085fa588>
19,<keras.layers.convolutional.Conv2D object at 0x7feb085e84a8>
20,<keras.layers.merge.Concatenate object at 0x7feb0853dba8>
21,<keras.layers.normalization.BatchNormalization object at 0x7feb0859f358>
22,<keras.layers.core.Activation object at 0x7feb085b5278>
23,<keras.layers.convolutional.Conv2D object at 0x7feb0850a668>
24,<keras.layers.normalization.BatchNormalization object at 0x7feb084f8b00>
25,<keras.layers.core.Activation object at 0x7feb084ee4a8>
26,<keras.layers.convolutional.Conv2D object at 0x7feb08478fd0>
27,<keras.layers.merge.Concatenate object at 0x7feb08466e10>
28,<keras.layers.normalization.BatchNormalization object at 0x7feb0842e978>
29,<keras.layers.core.Activation object at 0x7feb08410668>
30,<keras.layers.convolutional.Conv2D object at 0x7feb0838a588>
31,<keras.layers.normalization.BatchNormalization object at 0x7feb0839bd68>
32,<keras.layers.core.Activation object at 0x7feb08316f98>
33,<keras.layers.convolutional.Conv2D object at 0x7feb082e3e10>
34,<keras.layers.merge.Concatenate object at 0x7feb082cfa20>
35,<keras.layers.normalization.BatchNormalization object at 0x7feb0829e9b0>
36,<keras.layers.core.Activation object at 0x7feb0827d9b0>
37,<keras.layers.convolutional.Conv2D object at 0x7feb0821dd68>
38,<keras.layers.normalization.BatchNormalization object at 0x7feb08205978>
39,<keras.layers.core.Activation object at 0x7feb08227ac8>
40,<keras.layers.convolutional.Conv2D object at 0x7feb081979e8>
41,<keras.layers.merge.Concatenate object at 0x7feb0810c630>
42,<keras.layers.normalization.BatchNormalization object at 0x7feb081508d0>
43,<keras.layers.core.Activation object at 0x7feb081667f0>
44,<keras.layers.convolutional.Conv2D object at 0x7feb080ba978>
45,<keras.layers.normalization.BatchNormalization object at 0x7feb08041588>
46,<keras.layers.core.Activation object at 0x7feb0809a748>
47,<keras.layers.convolutional.Conv2D object at 0x7feaf47c5668>
48,<keras.layers.merge.Concatenate object at 0x7feaf479af60>
49,<keras.layers.normalization.BatchNormalization object at 0x7feaf477b550>
50,<keras.layers.core.Activation object at 0x7feaf478f470>
51,<keras.layers.convolutional.Conv2D object at 0x7feaf4764630>
52,<keras.layers.pooling.AveragePooling2D object at 0x7feaf46cee10>
53,<keras.layers.normalization.BatchNormalization object at 0x7feaf46c7208>
54,<keras.layers.core.Activation object at 0x7feaf4694588>
55,<keras.layers.convolutional.Conv2D object at 0x7feaf46ae9b0>
56,<keras.layers.normalization.BatchNormalization object at 0x7feaf4601eb8>
57,<keras.layers.core.Activation object at 0x7feaf4676390>
58,<keras.layers.convolutional.Conv2D object at 0x7feaf45e6320>
59,<keras.layers.merge.Concatenate object at 0x7feaf45f57b8>
60,<keras.layers.normalization.BatchNormalization object at 0x7feaf45b89e8>
61,<keras.layers.core.Activation object at 0x7feaf459e4e0>
62,<keras.layers.convolutional.Conv2D object at 0x7feaf4519780>
63,<keras.layers.normalization.BatchNormalization object at 0x7feaf4528208>
64,<keras.layers.core.Activation object at 0x7feaf44d2470>
65,<keras.layers.convolutional.Conv2D object at 0x7feaf4471d30>
66,<keras.layers.merge.Concatenate object at 0x7feaf445cc50>
67,<keras.layers.normalization.BatchNormalization object at 0x7feaf4427908>
68,<keras.layers.core.Activation object at 0x7feaf4404240>
69,<keras.layers.convolutional.Conv2D object at 0x7feaf43843c8>
70,<keras.layers.normalization.BatchNormalization object at 0x7feaf4392ba8>
71,<keras.layers.core.Activation object at 0x7feaf433b198>
72,<keras.layers.convolutional.Conv2D object at 0x7feaf4338cf8>
73,<keras.layers.merge.Concatenate object at 0x7feaf42ca860>
74,<keras.layers.normalization.BatchNormalization object at 0x7feaf42987f0>
75,<keras.layers.core.Activation object at 0x7feaf42f2278>
76,<keras.layers.convolutional.Conv2D object at 0x7feaf4245780>
77,<keras.layers.normalization.BatchNormalization object at 0x7feaf41fecf8>
78,<keras.layers.core.Activation object at 0x7feaf42291d0>
79,<keras.layers.convolutional.Conv2D object at 0x7feaf4192860>
80,<keras.layers.merge.Concatenate object at 0x7feaf4105780>
81,<keras.layers.normalization.BatchNormalization object at 0x7feaf414a710>
82,<keras.layers.core.Activation object at 0x7feaf415c630>
83,<keras.layers.convolutional.Conv2D object at 0x7feaf41327f0>
84,<keras.layers.normalization.BatchNormalization object at 0x7feaf40395c0>
85,<keras.layers.core.Activation object at 0x7feaf4092588>
86,<keras.layers.convolutional.Conv2D object at 0x7feae87be4e0>
87,<keras.layers.merge.Concatenate object at 0x7feae8793ba8>
88,<keras.layers.normalization.BatchNormalization object at 0x7feae87f6390>
89,<keras.layers.core.Activation object at 0x7feae87892b0>
90,<keras.layers.convolutional.Conv2D object at 0x7feae86e6208>
91,<keras.layers.normalization.BatchNormalization object at 0x7feae8707630>
92,<keras.layers.core.Activation object at 0x7feae872c630>
93,<keras.layers.convolutional.Conv2D object at 0x7feae864bfd0>
94,<keras.layers.merge.Concatenate object at 0x7feae8639e10>
95,<keras.layers.normalization.BatchNormalization object at 0x7feae8605978>
96,<keras.layers.core.Activation object at 0x7feae8662668>
97,<keras.layers.convolutional.Conv2D object at 0x7feae85df5c0>
98,<keras.layers.normalization.BatchNormalization object at 0x7feae85eed68>
99,<keras.layers.core.Activation object at 0x7feae8569cc0>
100,<keras.layers.convolutional.Conv2D object at 0x7feae84baf60>
101,<keras.layers.merge.Concatenate object at 0x7feae8524a20>
102,<keras.layers.normalization.BatchNormalization object at 0x7feae84f59b0>
103,<keras.layers.core.Activation object at 0x7feae84cc9b0>
104,<keras.layers.convolutional.Conv2D object at 0x7feae8471d68>
105,<keras.layers.normalization.BatchNormalization object at 0x7feae8459978>
106,<keras.layers.core.Activation object at 0x7feae8406ac8>
107,<keras.layers.convolutional.Conv2D object at 0x7feae83eb9b0>
108,<keras.layers.merge.Concatenate object at 0x7feae835f5f8>
109,<keras.layers.normalization.BatchNormalization object at 0x7feae83a78d0>
110,<keras.layers.core.Activation object at 0x7feae833a7f0>
111,<keras.layers.convolutional.Conv2D object at 0x7feae83109b0>
112,<keras.layers.normalization.BatchNormalization object at 0x7feae8298588>
113,<keras.layers.core.Activation object at 0x7feae82f3748>
114,<keras.layers.convolutional.Conv2D object at 0x7feae825d668>
115,<keras.layers.merge.Concatenate object at 0x7feae826ec18>
116,<keras.layers.normalization.BatchNormalization object at 0x7feae8235a20>
117,<keras.layers.core.Activation object at 0x7feae8229278>
118,<keras.layers.convolutional.Conv2D object at 0x7feae817b5f8>
119,<keras.layers.normalization.BatchNormalization object at 0x7feae816aeb8>
120,<keras.layers.core.Activation object at 0x7feae81613c8>
121,<keras.layers.convolutional.Conv2D object at 0x7feae80cd320>
122,<keras.layers.merge.Concatenate object at 0x7feae80db2b0>
123,<keras.layers.normalization.BatchNormalization object at 0x7feae80a29e8>
124,<keras.layers.core.Activation object at 0x7feae8083518>
125,<keras.layers.convolutional.Conv2D object at 0x7feaa07c1780>
126,<keras.layers.normalization.BatchNormalization object at 0x7feaa07d3208>
127,<keras.layers.core.Activation object at 0x7feaa077a438>
128,<keras.layers.convolutional.Conv2D object at 0x7feaa071dd30>
129,<keras.layers.merge.Concatenate object at 0x7feaa0706c50>
130,<keras.layers.normalization.BatchNormalization object at 0x7feaa06d0b70>
131,<keras.layers.core.Activation object at 0x7feaa0697ac8>
132,<keras.layers.convolutional.Conv2D object at 0x7feaa06ad3c8>
133,<keras.layers.normalization.BatchNormalization object at 0x7feaa063aba8>
134,<keras.layers.core.Activation object at 0x7feaa0665198>
135,<keras.layers.convolutional.Conv2D object at 0x7feaa05e2cf8>
136,<keras.layers.merge.Concatenate object at 0x7feaa05f0860>
137,<keras.layers.normalization.BatchNormalization object at 0x7feaa05447f0>
138,<keras.layers.core.Activation object at 0x7feaa059b278>
139,<keras.layers.convolutional.Conv2D object at 0x7feaa056f780>
140,<keras.layers.pooling.AveragePooling2D object at 0x7feaa05290f0>
141,<keras.layers.normalization.BatchNormalization object at 0x7feaa04d1748>
142,<keras.layers.core.Activation object at 0x7feaa04a1ac8>
143,<keras.layers.convolutional.Conv2D object at 0x7feaa046e9e8>
144,<keras.layers.normalization.BatchNormalization object at 0x7feaa0457cf8>
145,<keras.layers.core.Activation object at 0x7feaa04001d0>
146,<keras.layers.convolutional.Conv2D object at 0x7feaa03eb860>
147,<keras.layers.merge.Concatenate object at 0x7feaa035f780>
148,<keras.layers.normalization.BatchNormalization object at 0x7feaa03a1710>
149,<keras.layers.core.Activation object at 0x7feaa03b7630>
150,<keras.layers.convolutional.Conv2D object at 0x7feaa030b7f0>
151,<keras.layers.normalization.BatchNormalization object at 0x7feaa02945c0>
152,<keras.layers.core.Activation object at 0x7feaa02ed588>
153,<keras.layers.convolutional.Conv2D object at 0x7feaa02564a8>
154,<keras.layers.merge.Concatenate object at 0x7feaa022dba8>
155,<keras.layers.normalization.BatchNormalization object at 0x7feaa020c390>
156,<keras.layers.core.Activation object at 0x7feaa02232b0>
157,<keras.layers.convolutional.Conv2D object at 0x7feaa0191908>
158,<keras.layers.normalization.BatchNormalization object at 0x7feaa0165b00>
159,<keras.layers.core.Activation object at 0x7feaa015a4a8>
160,<keras.layers.convolutional.Conv2D object at 0x7feaa00eafd0>
161,<keras.layers.merge.Concatenate object at 0x7feaa00d7e10>
162,<keras.layers.normalization.BatchNormalization object at 0x7feaa009d978>
163,<keras.layers.core.Activation object at 0x7feaa007e668>
164,<keras.layers.convolutional.Conv2D object at 0x7fea887be5c0>
165,<keras.layers.normalization.BatchNormalization object at 0x7fea887cecf8>
166,<keras.layers.core.Activation object at 0x7fea88744f98>
167,<keras.layers.convolutional.Conv2D object at 0x7fea88715f60>
168,<keras.layers.merge.Concatenate object at 0x7fea88701a20>
169,<keras.layers.normalization.BatchNormalization object at 0x7fea886d09b0>
170,<keras.layers.core.Activation object at 0x7fea8872a9e8>
171,<keras.layers.convolutional.Conv2D object at 0x7fea88648d68>
172,<keras.layers.normalization.BatchNormalization object at 0x7fea886b69b0>
173,<keras.layers.core.Activation object at 0x7fea8865fac8>
174,<keras.layers.convolutional.Conv2D object at 0x7fea885cc9b0>
175,<keras.layers.merge.Concatenate object at 0x7fea8853b278>
176,<keras.layers.normalization.BatchNormalization object at 0x7fea885828d0>
177,<keras.layers.core.Activation object at 0x7fea885987f0>
178,<keras.layers.convolutional.Conv2D object at 0x7fea8856d9b0>
179,<keras.layers.normalization.BatchNormalization object at 0x7fea884dbeb8>
180,<keras.layers.core.Activation object at 0x7fea884ba630>
181,<keras.layers.convolutional.Conv2D object at 0x7fea884b8668>
182,<keras.layers.merge.Concatenate object at 0x7fea88411f60>
183,<keras.layers.normalization.BatchNormalization object at 0x7fea88472550>
184,<keras.layers.core.Activation object at 0x7fea88406470>
185,<keras.layers.convolutional.Conv2D object at 0x7fea883d7630>
186,<keras.layers.normalization.BatchNormalization object at 0x7fea88347eb8>
187,<keras.layers.core.Activation object at 0x7fea8833a3c8>
188,<keras.layers.convolutional.Conv2D object at 0x7fea88295128>
189,<keras.layers.merge.Concatenate object at 0x7fea883360f0>
190,<keras.layers.normalization.BatchNormalization object at 0x7fea882de128>
191,<keras.layers.core.Activation object at 0x7fea882deef0>
192,<keras.layers.convolutional.Conv2D object at 0x7fea8825a780>
193,<keras.layers.normalization.BatchNormalization object at 0x7fea8826b208>
194,<keras.layers.core.Activation object at 0x7fea88212470>
195,<keras.layers.convolutional.Conv2D object at 0x7fea881b4d30>
196,<keras.layers.merge.Concatenate object at 0x7fea8819ec50>
197,<keras.layers.normalization.BatchNormalization object at 0x7fea88168b70>
198,<keras.layers.core.Activation object at 0x7fea88132ac8>
199,<keras.layers.convolutional.Conv2D object at 0x7fea880cb3c8>
200,<keras.layers.normalization.BatchNormalization object at 0x7fea880d7ba8>
201,<keras.layers.core.Activation object at 0x7fea88080198>
202,<keras.layers.convolutional.Conv2D object at 0x7fea7c7bfcf8>
203,<keras.layers.merge.Concatenate object at 0x7fea7c7ce860>
204,<keras.layers.normalization.BatchNormalization object at 0x7fea7c7f8940>
205,<keras.layers.core.Activation object at 0x7fea7c748e80>
206,<keras.layers.convolutional.Conv2D object at 0x7fea7c71a9e8>
207,<keras.layers.normalization.BatchNormalization object at 0x7fea7c704cf8>
208,<keras.layers.core.Activation object at 0x7fea7c72d1d0>
209,<keras.layers.convolutional.Conv2D object at 0x7fea7c694860>
210,<keras.layers.merge.Concatenate object at 0x7fea7c608780>
211,<keras.layers.normalization.BatchNormalization object at 0x7fea7c64b710>
212,<keras.layers.core.Activation object at 0x7fea7c660630>
213,<keras.layers.convolutional.Conv2D object at 0x7fea7c6367b8>
214,<keras.layers.normalization.BatchNormalization object at 0x7fea7c53d5c0>
215,<keras.layers.core.Activation object at 0x7fea7c59d550>
216,<keras.layers.convolutional.Conv2D object at 0x7fea7c5044e0>
217,<keras.layers.merge.Concatenate object at 0x7fea7c4d9ba8>
218,<keras.layers.normalization.BatchNormalization object at 0x7fea7c4ba390>
219,<keras.layers.core.Activation object at 0x7fea7c4d12b0>
220,<keras.layers.convolutional.Conv2D object at 0x7fea7c42c240>
221,<keras.layers.normalization.BatchNormalization object at 0x7fea7c44c630>
222,<keras.layers.core.Activation object at 0x7fea7c471630>
223,<keras.layers.convolutional.Conv2D object at 0x7fea7c394fd0>
224,<keras.layers.merge.Concatenate object at 0x7fea7c381e10>
225,<keras.layers.normalization.BatchNormalization object at 0x7fea7c34a978>
226,<keras.layers.core.Activation object at 0x7fea7c3a8668>
227,<keras.layers.convolutional.Conv2D object at 0x7fea7c314208>
228,<keras.layers.normalization.BatchNormalization object at 0x7fea7c329c88>
229,<keras.layers.core.Activation object at 0x7fea7c2b3f98>
230,<keras.layers.convolutional.Conv2D object at 0x7fea7c1fdf60>
231,<keras.layers.merge.Concatenate object at 0x7fea7c26ba20>
232,<keras.layers.normalization.BatchNormalization object at 0x7fea7c1bc9b0>
233,<keras.layers.core.Activation object at 0x7fea7c2169e8>
234,<keras.layers.convolutional.Conv2D object at 0x7fea7c1b4d68>
235,<keras.layers.normalization.BatchNormalization object at 0x7fea7c1a1978>
236,<keras.layers.core.Activation object at 0x7feaf47d7588>
237,<keras.layers.convolutional.Conv2D object at 0x7fea7c136898>
238,<keras.layers.merge.Concatenate object at 0x7fea7c0a8630>
239,<keras.layers.normalization.BatchNormalization object at 0x7fea7c0ef8d0>
240,<keras.layers.core.Activation object at 0x7fea7c0807f0>
241,<keras.layers.convolutional.Conv2D object at 0x7fea7c0559b0>
242,<keras.layers.normalization.BatchNormalization object at 0x7fea6479f588>
243,<keras.layers.core.Activation object at 0x7fea64779748>
244,<keras.layers.convolutional.Conv2D object at 0x7fea64763668>
245,<keras.layers.merge.Concatenate object at 0x7fea646bef60>
246,<keras.layers.normalization.BatchNormalization object at 0x7fea6471c550>
247,<keras.layers.core.Activation object at 0x7fea64730470>
248,<keras.layers.convolutional.Conv2D object at 0x7fea64682630>
249,<keras.layers.normalization.BatchNormalization object at 0x7fea64672eb8>
250,<keras.layers.core.Activation object at 0x7fea64666390>
251,<keras.layers.convolutional.Conv2D object at 0x7fea645d3320>
252,<keras.layers.merge.Concatenate object at 0x7fea645e22b0>
253,<keras.layers.normalization.BatchNormalization object at 0x7fea645a99e8>
254,<keras.layers.core.Activation object at 0x7fea6458c4e0>
255,<keras.layers.convolutional.Conv2D object at 0x7fea64506780>
256,<keras.layers.normalization.BatchNormalization object at 0x7fea64518208>
257,<keras.layers.core.Activation object at 0x7fea644c1470>
258,<keras.layers.convolutional.Conv2D object at 0x7fea64463d30>
259,<keras.layers.merge.Concatenate object at 0x7fea6444cc50>
260,<keras.layers.normalization.BatchNormalization object at 0x7fea64417908>
261,<keras.layers.core.Activation object at 0x7fea643ddac8>
262,<keras.layers.convolutional.Conv2D object at 0x7fea643f42e8>
263,<keras.layers.normalization.BatchNormalization object at 0x7fea64382ba8>
264,<keras.layers.core.Activation object at 0x7fea643ab198>
265,<keras.layers.convolutional.Conv2D object at 0x7fea6432acf8>
266,<keras.layers.merge.Concatenate object at 0x7fea64337860>
267,<keras.layers.normalization.BatchNormalization object at 0x7fea642877f0>
268,<keras.layers.core.Activation object at 0x7fea642e3278>
269,<keras.layers.convolutional.Conv2D object at 0x7fea642b4780>
270,<keras.layers.normalization.BatchNormalization object at 0x7fea6426ecf8>
271,<keras.layers.core.Activation object at 0x7fea6421a1d0>
272,<keras.layers.convolutional.Conv2D object at 0x7fea64181860>
273,<keras.layers.merge.Concatenate object at 0x7fea64176780>
274,<keras.layers.normalization.BatchNormalization object at 0x7fea6413a6d8>
275,<keras.layers.core.Activation object at 0x7fea6414d5f8>
276,<keras.layers.convolutional.Conv2D object at 0x7fea64120b00>
277,<keras.layers.normalization.BatchNormalization object at 0x7fea640ac5c0>
278,<keras.layers.core.Activation object at 0x7fea64087588>
279,<keras.layers.convolutional.Conv2D object at 0x7fea640704e0>
280,<keras.layers.merge.Concatenate object at 0x7fea3c78bba8>
281,<keras.layers.normalization.BatchNormalization object at 0x7fea3c7ec390>
282,<keras.layers.core.Activation object at 0x7fea3c7822b0>
283,<keras.layers.convolutional.Conv2D object at 0x7fea3c6db208>
284,<keras.layers.normalization.BatchNormalization object at 0x7fea3c77c630>
285,<keras.layers.core.Activation object at 0x7fea3c720630>
286,<keras.layers.convolutional.Conv2D object at 0x7fea3c640fd0>
287,<keras.layers.merge.Concatenate object at 0x7fea3c6afdd8>
288,<keras.layers.normalization.BatchNormalization object at 0x7fea3c67b978>
289,<keras.layers.core.Activation object at 0x7fea3c659668>
290,<keras.layers.convolutional.Conv2D object at 0x7fea3c5d65c0>
291,<keras.layers.normalization.BatchNormalization object at 0x7fea3c5e6d68>
292,<keras.layers.core.Activation object at 0x7fea3c561f98>
293,<keras.layers.convolutional.Conv2D object at 0x7fea3c530f60>
294,<keras.layers.merge.Concatenate object at 0x7fea3c51ba20>
295,<keras.layers.normalization.BatchNormalization object at 0x7fea3c4eb9b0>
296,<keras.layers.core.Activation object at 0x7fea3c4afdd8>
297,<keras.layers.convolutional.Conv2D object at 0x7fea3c467d68>
298,<keras.layers.normalization.BatchNormalization object at 0x7fea3c450978>
299,<keras.layers.core.Activation object at 0x7fea3c3fdac8>
300,<keras.layers.convolutional.Conv2D object at 0x7fea3c3e49b0>
301,<keras.layers.merge.Concatenate object at 0x7fea3c358390>
302,<keras.layers.normalization.BatchNormalization object at 0x7fea3c39c8d0>
303,<keras.layers.core.Activation object at 0x7fea3c3b27f0>
304,<keras.layers.convolutional.Conv2D object at 0x7fea3c3099b0>
305,<keras.layers.normalization.BatchNormalization object at 0x7fea3c28f588>
306,<keras.layers.core.Activation object at 0x7fea3c2e9748>
307,<keras.layers.convolutional.Conv2D object at 0x7fea3c253668>
308,<keras.layers.merge.Concatenate object at 0x7fea3c229f28>
309,<keras.layers.normalization.BatchNormalization object at 0x7fea3c20b550>
310,<keras.layers.core.Activation object at 0x7fea3c220470>
311,<keras.layers.convolutional.Conv2D object at 0x7fea3c1ef5f8>
312,<keras.layers.pooling.AveragePooling2D object at 0x7fea3c17c7b8>
313,<keras.layers.normalization.BatchNormalization object at 0x7fea3c155240>
314,<keras.layers.core.Activation object at 0x7fea3c127ac8>
315,<keras.layers.convolutional.Conv2D object at 0x7fea3c0f39e8>
316,<keras.layers.normalization.BatchNormalization object at 0x7fea3c0dccf8>
317,<keras.layers.core.Activation object at 0x7fea3c0871d0>
318,<keras.layers.convolutional.Conv2D object at 0x7fea3c071860>
319,<keras.layers.merge.Concatenate object at 0x7fea207e86d8>
320,<keras.layers.normalization.BatchNormalization object at 0x7fea207e8518>
321,<keras.layers.core.Activation object at 0x7fea2077f400>
322,<keras.layers.convolutional.Conv2D object at 0x7fea2074f7b8>
323,<keras.layers.normalization.BatchNormalization object at 0x7fea206bee48>
324,<keras.layers.core.Activation object at 0x7fea20732588>
325,<keras.layers.convolutional.Conv2D object at 0x7fea2069d4a8>
326,<keras.layers.merge.Concatenate object at 0x7fea20675ba8>
327,<keras.layers.normalization.BatchNormalization object at 0x7fea20656390>
328,<keras.layers.core.Activation object at 0x7fea2066c2b0>
329,<keras.layers.convolutional.Conv2D object at 0x7fea205bf668>
330,<keras.layers.normalization.BatchNormalization object at 0x7fea205aab00>
331,<keras.layers.core.Activation object at 0x7fea205a24a8>
332,<keras.layers.convolutional.Conv2D object at 0x7fea2052df98>
333,<keras.layers.merge.Concatenate object at 0x7fea2051de10>
334,<keras.layers.normalization.BatchNormalization object at 0x7fea204e26a0>
335,<keras.layers.core.Activation object at 0x7fea204c5630>
336,<keras.layers.convolutional.Conv2D object at 0x7fea20442588>
337,<keras.layers.normalization.BatchNormalization object at 0x7fea2044ed68>
338,<keras.layers.core.Activation object at 0x7fea203cbf98>
339,<keras.layers.convolutional.Conv2D object at 0x7fea20398f60>
340,<keras.layers.merge.Concatenate object at 0x7fea20385a20>
341,<keras.layers.normalization.BatchNormalization object at 0x7fea203539b0>
342,<keras.layers.core.Activation object at 0x7fea203af9e8>
343,<keras.layers.convolutional.Conv2D object at 0x7fea202cfd68>
344,<keras.layers.normalization.BatchNormalization object at 0x7fea20337978>
345,<keras.layers.core.Activation object at 0x7fea202e2ac8>
346,<keras.layers.convolutional.Conv2D object at 0x7fea2024c9e8>
347,<keras.layers.merge.Concatenate object at 0x7fea201c1630>
348,<keras.layers.normalization.BatchNormalization object at 0x7fea202048d0>
349,<keras.layers.core.Activation object at 0x7fea2021a7f0>
350,<keras.layers.convolutional.Conv2D object at 0x7fea201ec9b0>
351,<keras.layers.normalization.BatchNormalization object at 0x7fea20178588>
352,<keras.layers.core.Activation object at 0x7fea2014e710>
353,<keras.layers.convolutional.Conv2D object at 0x7fea2013b668>
354,<keras.layers.merge.Concatenate object at 0x7fea20095f60>
355,<keras.layers.normalization.BatchNormalization object at 0x7fea200f4550>
356,<keras.layers.core.Activation object at 0x7fea2008a470>
357,<keras.layers.convolutional.Conv2D object at 0x7fea2005a630>
358,<keras.layers.normalization.BatchNormalization object at 0x7fea0c78be80>
359,<keras.layers.core.Activation object at 0x7fea0c7803c8>
360,<keras.layers.convolutional.Conv2D object at 0x7fea0c76c2b0>
361,<keras.layers.merge.Concatenate object at 0x7fea0c77a2b0>
362,<keras.layers.normalization.BatchNormalization object at 0x7fea0c6c19e8>
363,<keras.layers.core.Activation object at 0x7fea0c723518>
364,<keras.layers.convolutional.Conv2D object at 0x7fea0c69e780>
365,<keras.layers.normalization.BatchNormalization object at 0x7fea0c6af208>
366,<keras.layers.core.Activation object at 0x7fea0c658470>
367,<keras.layers.convolutional.Conv2D object at 0x7fea0c5fad30>
368,<keras.layers.merge.Concatenate object at 0x7fea0c5e6c50>
369,<keras.layers.normalization.BatchNormalization object at 0x7fea0c5ad668>
370,<keras.layers.core.Activation object at 0x7fea0c58e240>
371,<keras.layers.convolutional.Conv2D object at 0x7fea0c50c400>
372,<keras.layers.normalization.BatchNormalization object at 0x7fea0c51aba8>
373,<keras.layers.core.Activation object at 0x7fea0c4c3198>
374,<keras.layers.convolutional.Conv2D object at 0x7fea0c440cf8>
375,<keras.layers.merge.Concatenate object at 0x7fea0c450860>
376,<keras.layers.normalization.BatchNormalization object at 0x7fea0c41d7f0>
377,<keras.layers.core.Activation object at 0x7fea0c479278>
378,<keras.layers.convolutional.Conv2D object at 0x7fea0c3ca780>
379,<keras.layers.normalization.BatchNormalization object at 0x7fea0c387cf8>
380,<keras.layers.core.Activation object at 0x7fea0c3af1d0>
381,<keras.layers.convolutional.Conv2D object at 0x7fea0c306a90>
382,<keras.layers.merge.Concatenate object at 0x7fea0c32e748>
383,<keras.layers.normalization.BatchNormalization object at 0x7fea0c28d780>
384,<keras.layers.core.Activation object at 0x7fea0c2e6630>
385,<keras.layers.convolutional.Conv2D object at 0x7fea0c2b97f0>
386,<keras.layers.normalization.BatchNormalization object at 0x7fea0c1c55c0>
387,<keras.layers.core.Activation object at 0x7fea0c21b588>
388,<keras.layers.convolutional.Conv2D object at 0x7fea0c1874e0>
389,<keras.layers.merge.Concatenate object at 0x7fea0c161ba8>
390,<keras.layers.normalization.BatchNormalization object at 0x7fea0c140390>
391,<keras.layers.core.Activation object at 0x7fea0c157278>
392,<keras.layers.convolutional.Conv2D object at 0x7fea0c0c4908>
393,<keras.layers.normalization.BatchNormalization object at 0x7fea0c0d2630>
394,<keras.layers.core.Activation object at 0x7fea0c0f8630>
395,<keras.layers.convolutional.Conv2D object at 0x7fe9e07d2fd0>
396,<keras.layers.merge.Concatenate object at 0x7fe9e07c1e10>
397,<keras.layers.normalization.BatchNormalization object at 0x7fe9e0789978>
398,<keras.layers.core.Activation object at 0x7fe9e07e9668>
399,<keras.layers.convolutional.Conv2D object at 0x7fe9e07685c0>
400,<keras.layers.normalization.BatchNormalization object at 0x7fe9e0776d68>
401,<keras.layers.core.Activation object at 0x7fe9e06f1f98>
402,<keras.layers.convolutional.Conv2D object at 0x7fe9e0641f60>
403,<keras.layers.merge.Concatenate object at 0x7fe9e06aba20>
404,<keras.layers.normalization.BatchNormalization object at 0x7fe9e05fc518>
405,<keras.layers.core.Activation object at 0x7fe9e06559e8>
406,<keras.layers.convolutional.Conv2D object at 0x7fe9e0629f60>
407,<keras.layers.normalization.BatchNormalization object at 0x7fe9e05e1978>
408,<keras.layers.core.Activation object at 0x7fe9e058ea90>
409,<keras.layers.convolutional.Conv2D object at 0x7fe9e05759e8>
410,<keras.layers.merge.Concatenate object at 0x7fe9e04e8630>
411,<keras.layers.normalization.BatchNormalization object at 0x7fe9e052d8d0>
412,<keras.layers.core.Activation object at 0x7fe9e04c27f0>
413,<keras.layers.convolutional.Conv2D object at 0x7fe9e04959b0>
414,<keras.layers.normalization.BatchNormalization object at 0x7fe9e0421588>
415,<keras.layers.core.Activation object at 0x7fe9e03fa748>
416,<keras.layers.convolutional.Conv2D object at 0x7fe9e03e2668>
417,<keras.layers.merge.Concatenate object at 0x7fe9e033bf60>
418,<keras.layers.normalization.BatchNormalization object at 0x7fe9e039b550>
419,<keras.layers.core.Activation object at 0x7fe9e03b1400>
420,<keras.layers.convolutional.Conv2D object at 0x7fe9e0303630>
421,<keras.layers.normalization.BatchNormalization object at 0x7fe9e02f1eb8>
422,<keras.layers.core.Activation object at 0x7fe9e02e8390>
423,<keras.layers.convolutional.Conv2D object at 0x7fe9e0254320>
424,<keras.layers.merge.Concatenate object at 0x7fe9e02632b0>
425,<keras.layers.normalization.BatchNormalization object at 0x7fe9e022a9e8>
426,<keras.layers.core.Activation object at 0x7fe9e020b518>
